{
"Algiers_Algeria": [36.7537694,3.0500379],
"Basse-Pointe_Martinique":[14.8672508,-61.1155622],
"Fort-de-France_Martinique":[14.6160647,-61.0587804],
"Paris_France":[48.856614,2.3522219],
"Šibenik_Croatia":[43.7350196,15.8952045],
"Port-au-Prince_Haiti":[18.594395,-72.3074326],
"New York_NY":[40.7127837,-74.0059413],
"Jacmel_Haiti":[18.2430063,-72.5263984],
"New York_United States":[40.7127837,-74.0059413],
"Cherbourg_France":[49.6337308,-1.622137],
"Prague_Czech Republic":[50.0755381,14.4378005],
"Prague _Czech Republic":[50.0755381,14.4378005],
"Berlin_Germany":[52.5200066,13.404954],
"Milan_Italy":[45.4654219,9.1859243],
"Havana_Cuba":[23.1135925,-82.3665956],
"Havana _Cuba":[23.1135925,-82.3665956],
"Genoa_Italy":[44.4056499,8.946256],
"Vienna_Austria":[48.2081743,16.3738189],
"Andé_France":[49.231559,1.24028],
"Moscow_Russia":[55.755826,37.6173],
"Shanghai_China":[31.230416,121.473701],
"Hanoi_Vietnam":[21.0277644,105.8341598],
"Kingston_Jamaica":[18.0178743,-76.8099041],
"Lézignan-Corbières_France":[43.200503,2.7577759]
}